record_id,pub_apa,pub_year,pop_country,total_n,Origin
116,"Allen & Gfeller, 2011",2011,USA,100,"Caucasian, 76"
116,"Allen & Gfeller, 2011",2011,USA,100,"Asian, 9"
116,"Allen & Gfeller, 2011",2011,USA,100,"Asian Indian, 8"
116,"Allen & Gfeller, 2011",2011,USA,100,"African-American, 4"
116,"Allen & Gfeller, 2011",2011,USA,100,"Other, 2"
116,"Allen & Gfeller, 2011",2011,USA,100,"Pacific Islander, 1"
153,"Amick et al., 2013",2013,USA,72,"Caucasian, 73.61"
153,"Amick et al., 2013",2013,USA,72,"Hispanic, 19.44"
153,"Amick et al., 2013",2013,USA,72,"African-American, 5.56"
153,"Amick et al., 2013",2013,USA,72,"Unknown, 1.39"
181,"Araujo et al., 2014",2014,USA,362,"Caucasian/White, 83.15"
181,"Araujo et al., 2014",2014,USA,362,"Black or African American, 10.77"
181,"Araujo et al., 2014",2014,USA,362,"Other/Unknown, 5.8"
944,"Armistead-Jehle, Cooper, & Vanderploeg, 2016",2016,USA,129,"Caucasian, 80.62"
944,"Armistead-Jehle, Cooper, & Vanderploeg, 2016",2016,USA,129,"African-American, 11.63"
944,"Armistead-Jehle, Cooper, & Vanderploeg, 2016",2016,USA,129,"Hispanic, 5.43"
944,"Armistead-Jehle, Cooper, & Vanderploeg, 2016",2016,USA,129,"Native American, 1.55"
944,"Armistead-Jehle, Cooper, & Vanderploeg, 2016",2016,USA,129,"Asian, 0.78"
117,"Babikian et al., 2011",2011,USA,384,"White, 44.01"
117,"Babikian et al., 2011",2011,USA,384,"Hispanic, 21.35"
117,"Babikian et al., 2011",2011,USA,384,"Unknown, 12.76"
117,"Babikian et al., 2011",2011,USA,384,"Hispanic American, 9.9"
117,"Babikian et al., 2011",2011,USA,384,"Other, 6.77"
117,"Babikian et al., 2011",2011,USA,384,"Black, 5.47"
1067,"Barker-Collo et al., 2015",2015,New Zealand,246,"New Zealand European, 63.82"
1067,"Barker-Collo et al., 2015",2015,New Zealand,246,"Maori, 29.27"
1067,"Barker-Collo et al., 2015",2015,New Zealand,246,"Other, 6.1"
1067,"Barker-Collo et al., 2015",2015,New Zealand,246,"Pacific Islander, 0.81"
1156,"Barrow et al., 2003",2003,USA,48,"Caucasian, 54.17"
1156,"Barrow et al., 2003",2003,USA,48,"African-American, 41.67"
1156,"Barrow et al., 2003",2003,USA,48,"Hispanic, 2.08"
540,"Barwick, Arnett, & Slobounov, 2012",2012,USA,14,"Caucasian, 71.43"
540,"Barwick, Arnett, & Slobounov, 2012",2012,USA,14,"African-American, 7.14"
540,"Barwick, Arnett, & Slobounov, 2012",2012,USA,14,"Asian American, 7.14"
540,"Barwick, Arnett, & Slobounov, 2012",2012,USA,14,"Mixed ethnicities, 7.14"
155,"Barwood & Murdoch, 2013",2013,Australia,32,"Australian, 100"
2,"Beers, Goldstein, & Katz, 1994",1994,USA,82,"African-American, 10.98"
490,"Bernick et al., 2015",2015,USA,246,"Caucasian, 36.18"
490,"Bernick et al., 2015",2015,USA,246,"Other, 30.89"
490,"Bernick et al., 2015",2015,USA,246,"African-American, 23.98"
1068,"Biederman et al., 2015",2015,USA,87,"Caucasian, 86.21"
206,"Bigler et al., 2015",2015,Multiple countries,84,"Caucasian, 84.52"
206,"Bigler et al., 2015",2015,Multiple countries,84,"Multicultural, 8.33"
206,"Bigler et al., 2015",2015,Multiple countries,84,"African or Caribbean, 4.76"
206,"Bigler et al., 2015",2015,Multiple countries,84,"Unspecified, 2.38"
207,"Blake, Ott, Villanyi, Kazhuro, & Schatz, 2015",2015,USA,60,"US or Canada, 68.33"
207,"Blake, Ott, Villanyi, Kazhuro, & Schatz, 2015",2015,USA,60,"Mexico, 25"
207,"Blake, Ott, Villanyi, Kazhuro, & Schatz, 2015",2015,USA,60,"South America, 8.33"
503,"Boake et al., 2004",2004,USA,448,"Hispanic, 57.59"
503,"Boake et al., 2004",2004,USA,448,"African-American, 26.12"
503,"Boake et al., 2004",2004,USA,448,"Caucasian, 13.62"
503,"Boake et al., 2004",2004,USA,448,"Other, 2.68"
209,"Bolzenius, Roskos, Salminen, Paul, & Bucholz, 2015",2015,USA,30,"Caucasian, 93.33"
209,"Bolzenius, Roskos, Salminen, Paul, & Bucholz, 2015",2015,USA,30,"African-American, 6.67"
1008,"Brooks, Daya, et al., 2016",2016,Canada,105,"Caucasian, 87.62"
1160,"Brooks, Khan, Daya, Mikrogianakis, & Barlow, 2014",2014,Canada,105,"Caucasian, 87.62"
49,"Broshek et al., 2005",2005,USA,131,"Caucasian, 68.7"
49,"Broshek et al., 2005",2005,USA,131,"African-American, 22.9"
49,"Broshek et al., 2005",2005,USA,131,"Other, 7.63"
955,"Clark et al., 2016",2016,USA,79,"Caucasian, 56.96"
955,"Clark et al., 2016",2016,USA,79,"Hispanic, 21.52"
955,"Clark et al., 2016",2016,USA,79,"African-American, 7.59"
955,"Clark et al., 2016",2016,USA,79,"Other, 7.59"
955,"Clark et al., 2016",2016,USA,79,"Asian, 6.33"
119,"Classen et al., 2011",2011,USA,38,"White, 68.42"
119,"Classen et al., 2011",2011,USA,38,"Other, 28.95"
119,"Classen et al., 2011",2011,USA,38,"Missing, 2.63"
1166,"Cole et al., 2013",2013,USA,419,"Caucasian, 60.14"
1166,"Cole et al., 2013",2013,USA,419,"African-American, 17.42"
1166,"Cole et al., 2013",2013,USA,419,"Latino, 12.89"
1166,"Cole et al., 2013",2013,USA,419,"Other, 6.44"
1166,"Cole et al., 2013",2013,USA,419,"Asian, 2.15"
211,"Cole et al., 2015",2015,USA,9,"African-American, 44.44"
211,"Cole et al., 2015",2015,USA,9,"White (non-Hispanic), 33.33"
211,"Cole et al., 2015",2015,USA,9,"Hispanic or Latino, 22.22"
8,"Collins et al., 1999",1999,USA,393,"European American, 48.09"
8,"Collins et al., 1999",1999,USA,393,"African-American, 46.06"
8,"Collins et al., 1999",1999,USA,393,"Polynesian American, 4.07"
8,"Collins et al., 1999",1999,USA,393,"Asian American, 1.02"
8,"Collins et al., 1999",1999,USA,393,"Hispanic American, 1.02"
1076,"Combs et al., 2015",2015,USA,251,"Non-Hispanic, 75.7"
1076,"Combs et al., 2015",2015,USA,251,"Caucasian, 43.83"
1076,"Combs et al., 2015",2015,USA,251,"Hispanic, 17.13"
1076,"Combs et al., 2015",2015,USA,251,"Other, 14.34"
1076,"Combs et al., 2015",2015,USA,251,"African-American, 9.56"
212,"Coughlin et al., 2015",2015,USA,20,"Caucasian, 65"
212,"Coughlin et al., 2015",2015,USA,20,"African-American, 35"
1170,"Daniel et al., 1999",1999,USA,34,"White, 38.23"
1170,"Daniel et al., 1999",1999,USA,34,"Black, 23.53"
1170,"Daniel et al., 1999",1999,USA,34,"Filipino, 23.53"
1170,"Daniel et al., 1999",1999,USA,34,"Hispanic, 14.71"
165,"De Beaumont et al., 2013",2013,Canada,30,"Caucasian, 100"
553,"Didehbani, Cullum, Mansinghani, Conover, & Hart, 2013",2013,USA,59,"Caucasian, 83.05"
553,"Didehbani, Cullum, Mansinghani, Conover, & Hart, 2013",2013,USA,59,"African-American, 18.64"
1078,"Dretsch, Kelly, Coldren, Parish, & Russell, 2015",2015,USA,50,"Caucasian, 78"
1078,"Dretsch, Kelly, Coldren, Parish, & Russell, 2015",2015,USA,50,"Hispanic, 14"
1078,"Dretsch, Kelly, Coldren, Parish, & Russell, 2015",2015,USA,50,"Black, 6"
1078,"Dretsch, Kelly, Coldren, Parish, & Russell, 2015",2015,USA,50,"Other, 2"
1077,"Dretsch, Parish, Kelly, Coldren, & Russell, 2015",2015,USA,85,"White, 58.82"
1077,"Dretsch, Parish, Kelly, Coldren, & Russell, 2015",2015,USA,85,"Other, 18.82"
1077,"Dretsch, Parish, Kelly, Coldren, & Russell, 2015",2015,USA,85,"Black, 10.59"
1077,"Dretsch, Parish, Kelly, Coldren, & Russell, 2015",2015,USA,85,"Hispanic, 5.88"
1079,"Dretsch, Silverberg, & Iverson, 2015",2015,USA,458,"White, 76.64"
1079,"Dretsch, Silverberg, & Iverson, 2015",2015,USA,458,"Black, 10.04"
1079,"Dretsch, Silverberg, & Iverson, 2015",2015,USA,458,"Hispanic or Latino, 6.99"
1079,"Dretsch, Silverberg, & Iverson, 2015",2015,USA,458,"Pacific Islander, 2.84"
1079,"Dretsch, Silverberg, & Iverson, 2015",2015,USA,458,"Other, 2.4"
1079,"Dretsch, Silverberg, & Iverson, 2015",2015,USA,458,"Native American, 1.09"
167,"Durazzo et al., 2013",2013,USA,64,"Caucasian, 71.88"
1240,"Echemendia, Putukian, Mackin, Julian, & Shoss, 2001",2001,USA,49,"Caucasian, 81.63"
1240,"Echemendia, Putukian, Mackin, Julian, & Shoss, 2001",2001,USA,49,"African-American, 12.24"
1240,"Echemendia, Putukian, Mackin, Julian, & Shoss, 2001",2001,USA,49,"Undeclared ethnicity, 4.08"
1240,"Echemendia, Putukian, Mackin, Julian, & Shoss, 2001",2001,USA,49,"Latino, 2.04"
37,"Erlanger et al., 2003",2003,USA,440,"Caucasian, 55"
37,"Erlanger et al., 2003",2003,USA,440,"African-American, 11.59"
37,"Erlanger et al., 2003",2003,USA,440,"Asian American, 5.91"
37,"Erlanger et al., 2003",2003,USA,440,"Hispanic, 4.09"
86,"Ettenhofer & Abeles, 2008",2008,USA,126,"Caucasian/White, 90.48"
86,"Ettenhofer & Abeles, 2008",2008,USA,126,"African-American/Black, 3.97"
86,"Ettenhofer & Abeles, 2008",2008,USA,126,"Asian, 2.38"
86,"Ettenhofer & Abeles, 2008",2008,USA,126,"Hispanic or Latino, 1.59"
86,"Ettenhofer & Abeles, 2008",2008,USA,126,"Other, 1.59"
17,"Fann, Uomoto, & Katon, 2001",2001,USA,15,"White, 86.67"
17,"Fann, Uomoto, & Katon, 2001",2001,USA,15,"American Indian, 6.67"
17,"Fann, Uomoto, & Katon, 2001",2001,USA,15,"Asian or Pacific Islander, 6.67"
110,"Fay et al., 2010",2010,USA,281,"Caucasian, 69.04"
11,"Fisher et al., 2000",2000,USA,90,"White, 93.33"
11,"Fisher et al., 2000",2000,USA,90,"Asian, 2.22"
11,"Fisher et al., 2000",2000,USA,90,"Black, 2.22"
11,"Fisher et al., 2000",2000,USA,90,"Hispanic, 2.22"
592,"Franke, Czarnota, Ketchum, & Walker, 2015",2015,USA,181,"Caucasian, 79.01"
592,"Franke, Czarnota, Ketchum, & Walker, 2015",2015,USA,181,"African-American, 14.92"
592,"Franke, Czarnota, Ketchum, & Walker, 2015",2015,USA,181,"Other, 6.08"
962,"Gill et al., 2016",2016,USA,31,"White, 80.64"
122,"Gordon, Fitzpatrick, & Hilsabeck, 2011",2011,USA,82,"Caucasian, 51.22"
122,"Gordon, Fitzpatrick, & Hilsabeck, 2011",2011,USA,82,"Hispanic or Latino, 32.93"
122,"Gordon, Fitzpatrick, & Hilsabeck, 2011",2011,USA,82,"African-American, 9.76"
122,"Gordon, Fitzpatrick, & Hilsabeck, 2011",2011,USA,82,"Asian American, 3.66"
122,"Gordon, Fitzpatrick, & Hilsabeck, 2011",2011,USA,82,"Native American, 1.22"
501,"Greiffenstein & Baker, 2003",2003,USA,75,"White, 72"
501,"Greiffenstein & Baker, 2003",2003,USA,75,"Black, 2.67"
613,"Grills & Armistead-Jehle, 2016",2016,USA,589,"Caucasian, 60.95"
613,"Grills & Armistead-Jehle, 2016",2016,USA,589,"Hispanic, 13.92"
613,"Grills & Armistead-Jehle, 2016",2016,USA,589,"African-American, 13.07"
613,"Grills & Armistead-Jehle, 2016",2016,USA,589,"Pacific Islander, 7.98"
613,"Grills & Armistead-Jehle, 2016",2016,USA,589,"Asian, 2.04"
613,"Grills & Armistead-Jehle, 2016",2016,USA,589,"Other, 2.04"
221,"Hï¿½nninen et al., 2016",2016,Finland,304,"Caucasian, 100"
221,"Hï¿½nninen et al., 2016",2016,Finland,304,"Finnish, 86.84"
21,"Hanna-Pladdy, Berry, Bennett, Phillips, & Gouvier, 2001",2001,USA,88,"Caucasian, 85.23"
21,"Hanna-Pladdy, Berry, Bennett, Phillips, & Gouvier, 2001",2001,USA,88,"African-American, 9.09"
21,"Hanna-Pladdy, Berry, Bennett, Phillips, & Gouvier, 2001",2001,USA,88,"Asian, 4.54"
21,"Hanna-Pladdy, Berry, Bennett, Phillips, & Gouvier, 2001",2001,USA,88,"Native American, 1.14"
1085,"Hart et al., 2013",2013,USA,60,"White, 78.33"
1085,"Hart et al., 2013",2013,USA,60,"African-American, 21.67"
38,"Hess, Marwitz, & Kreutzer, 2003",2003,USA,66,"Caucasian, 56.06"
38,"Hess, Marwitz, & Kreutzer, 2003",2003,USA,66,"Minority, 43.94"
171,"Hill, Rohling, Boettcher, & Meyers, 2013",2013,USA,629,"Caucasian, 89.35"
171,"Hill, Rohling, Boettcher, & Meyers, 2013",2013,USA,629,"Hispanic, 3.18"
171,"Hill, Rohling, Boettcher, & Meyers, 2013",2013,USA,629,"African-American, 2.38"
223,"Hill, Womble, & Rohling, 2015",2015,USA,174,"White, 62.07"
223,"Hill, Womble, & Rohling, 2015",2015,USA,174,"African-American, 17.82"
223,"Hill, Womble, & Rohling, 2015",2015,USA,174,"Asian, 10.92"
223,"Hill, Womble, & Rohling, 2015",2015,USA,174,"Other, 9.2"
493,"Hinton-Bayre, Geffen, & McFarland, 1997",1997,Australia,74,"Caucasian, 58.11"
493,"Hinton-Bayre, Geffen, & McFarland, 1997",1997,Australia,74,"Aboriginal, 9.46"
493,"Hinton-Bayre, Geffen, & McFarland, 1997",1997,Australia,74,"Other, 5.41"
98,"Hunt & Ferrara, 2009",2009,USA,198,"White, 90.91"
1094,"Ivins et al., 2015",2015,USA,789,"White, 65.78"
1094,"Ivins et al., 2015",2015,USA,789,"African-American, 15.34"
1094,"Ivins et al., 2015",2015,USA,789,"Hispanic, 13.05"
1094,"Ivins et al., 2015",2015,USA,789,"Other, 5.83"
172,"Jamora, Schroeder, & Ruff, 2013",2013,USA,66,"Caucasian, 78.79"
172,"Jamora, Schroeder, & Ruff, 2013",2013,USA,66,"Asian American, 7.58"
172,"Jamora, Schroeder, & Ruff, 2013",2013,USA,66,"African-American, 6.06"
172,"Jamora, Schroeder, & Ruff, 2013",2013,USA,66,"Latino, 4.54"
172,"Jamora, Schroeder, & Ruff, 2013",2013,USA,66,"Biracial, 3.03"
197,"Jones et al., 2014",2014,USA,405,"US - English as primary
language, 67.9"
197,"Jones et al., 2014",2014,USA,405,"Dominican Republic, 14.81"
197,"Jones et al., 2014",2014,USA,405,"Venezuela, 4.44"
197,"Jones et al., 2014",2014,USA,405,"Canada, 3.95"
197,"Jones et al., 2014",2014,USA,405,"US - Spanish as primary
language, 3.21"
197,"Jones et al., 2014",2014,USA,405,"Mexico, 0.74"
197,"Jones et al., 2014",2014,USA,405,"Puerto Rico, 0.74"
197,"Jones et al., 2014",2014,USA,405,"Cuba, 0.49"
197,"Jones et al., 2014",2014,USA,405,"Nicaragua, 0.25"
88,"Kashluba, Hanks, Casey, & Millis, 2008",2008,USA,229,"Black, 71.62"
88,"Kashluba, Hanks, Casey, & Millis, 2008",2008,USA,229,"White, 25.76"
88,"Kashluba, Hanks, Casey, & Millis, 2008",2008,USA,229,"Other, 2.62"
57,"Killam, Cautin, & Santucci, 2005",2005,USA,28,"Caucasian, 82.14"
57,"Killam, Cautin, & Santucci, 2005",2005,USA,28,"Other, 17.86"
113,"Kontos, Elbin, Covassin, & Larson, 2010",2010,USA,96,"African-American, 50"
113,"Kontos, Elbin, Covassin, & Larson, 2010",2010,USA,96,"White, 50"
1100,"Krishnan, Smith, & Donders, 2012",2012,USA,304,"Caucasian, 52.63"
1100,"Krishnan, Smith, & Donders, 2012",2012,USA,304,"Hispanic, 2.3"
1100,"Krishnan, Smith, & Donders, 2012",2012,USA,304,"Other, 1.97"
1100,"Krishnan, Smith, & Donders, 2012",2012,USA,304,"African-American, 1.64"
129,"Krivitzky et al., 2011",2011,USA,26,"Caucasian, 88.46"
129,"Krivitzky et al., 2011",2011,USA,26,"African-American, 11.54"
152,"Lange et al., 2012",2012,USA,56,"Caucasian, 89.29"
152,"Lange et al., 2012",2012,USA,56,"African American, Asian, or
Other, 10.71"
100,"Lange, Iverson, & Franzen, 2009",2009,USA,40,"Caucasian, 100"
115,"Lange, Iverson, Brooks, & Rennison, 2010",2010,Canada,63,"Caucasian, 74.6"
115,"Lange, Iverson, Brooks, & Rennison, 2010",2010,Canada,63,"East Indian, 9.52"
115,"Lange, Iverson, Brooks, & Rennison, 2010",2010,Canada,63,"Other, 7.94"
115,"Lange, Iverson, Brooks, & Rennison, 2010",2010,Canada,63,"Asian, 4.76"
115,"Lange, Iverson, Brooks, & Rennison, 2010",2010,Canada,63,"First Nations, 3.17"
151,"Lange, Pancholi, Bhagwat, Anderson-Barnes, & French, 2012",2012,USA,143,"Caucasian, 84.61"
151,"Lange, Pancholi, Bhagwat, Anderson-Barnes, & French, 2012",2012,USA,143,"African-American, 8.39"
151,"Lange, Pancholi, Bhagwat, Anderson-Barnes, & French, 2012",2012,USA,143,"Hispanic, 4.2"
151,"Lange, Pancholi, Bhagwat, Anderson-Barnes, & French, 2012",2012,USA,143,"Other, 2.8"
175,"Larson, Kondiles, Starr, & Zollman, 2013",2013,USA,155,"African-American, 67.74"
175,"Larson, Kondiles, Starr, & Zollman, 2013",2013,USA,155,"Caucasian, 29.68"
176,"Larson, Zollman, Kondiles, & Starr, 2013",2013,USA,205,"African-American, 63.9"
176,"Larson, Zollman, Kondiles, & Starr, 2013",2013,USA,205,"Caucasian, 32.2"
559,"Levin et al., 2013",2013,USA,187,"Non-Black, 65.24"
559,"Levin et al., 2013",2013,USA,187,"Black, 34.76"
1104,"Lippa et al., 2014",2014,USA,131,"Caucasian, 64.89"
1104,"Lippa et al., 2014",2014,USA,131,"Hispanic, 18.32"
1104,"Lippa et al., 2014",2014,USA,131,"African-American, 11.45"
1104,"Lippa et al., 2014",2014,USA,131,"Other, 4.58"
1104,"Lippa et al., 2014",2014,USA,131,"Multiracial, 0.76"
952,"Lopez et al., 2017",2017,USA,39,"Caucasian, 74.36"
952,"Lopez et al., 2017",2017,USA,39,"African-American, 10.26"
952,"Lopez et al., 2017",2017,USA,39,"Hispanic, 7.69"
952,"Lopez et al., 2017",2017,USA,39,"Mixed racial background, 5.13"
952,"Lopez et al., 2017",2017,USA,39,"Asian, 2.56"
203,"Louey et al., 2014",2014,Australia,524,"English or European, 46.18"
203,"Louey et al., 2014",2014,Australia,524,"Indigenous, 4.2"
1141,"Lovell, Iverson, Collins, McKeag, & Maroon, 1999",1999,USA,383,"White, 95.56"
1141,"Lovell, Iverson, Collins, McKeag, & Maroon, 1999",1999,USA,383,"Other, 4.44"
132,"Luethcke, Bryan, Morrow, & Isler, 2011",2011,USA,77,"White, 68.83"
132,"Luethcke, Bryan, Morrow, & Isler, 2011",2011,USA,77,"Black, 22.08"
132,"Luethcke, Bryan, Morrow, & Isler, 2011",2011,USA,77,"Hispanic, 11.69"
132,"Luethcke, Bryan, Morrow, & Isler, 2011",2011,USA,77,"Asian or Pacific Islander, 2.6"
606,"Mac Donald et al., 2015",2015,USA,72,"White, 70.83"
606,"Mac Donald et al., 2015",2015,USA,72,"Hispanic or Latino, 19.44"
606,"Mac Donald et al., 2015",2015,USA,72,"African-American, 9.72"
180,"Macciocchi, Seel, & Thompson, 2013",2013,USA,117,"White, 60.68"
180,"Macciocchi, Seel, & Thompson, 2013",2013,USA,117,"African-American, 36.75"
180,"Macciocchi, Seel, & Thompson, 2013",2013,USA,117,"Other, 2.56"
570,"MacDonald et al., 2014",2014,USA,84,"White, 77.38"
570,"MacDonald et al., 2014",2014,USA,84,"African-American, 11.9"
570,"MacDonald et al., 2014",2014,USA,84,"Hispanic or Latino, 11.9"
570,"MacDonald et al., 2014",2014,USA,84,"Asian, 2.38"
102,"Maillard-Wermelinger et al., 2009",2009,USA,285,"White (non-Hispanic), 68.77"
310,"Maruff et al., 2009",2009,Unknown or Unreported,493,"Caucasian, 97.97"
447,"Massey, Meares, Batchelor, & Bryant, 2015",2015,Australia,50,"Australian, 64"
1106,"Matser, Kessels, Jordan, Lezak, & Troost, 1998",1998,Netherlands,80,"Dutch, 100"
499,"Matser, Kessels, Lezak, & Troost, 2001",2001,Netherlands,84,"Dutch, 100"
251,"Matser, Kessels, Lezak, Jordan, & Troost, 1999",1999,Netherlands,60,"Netherlands, 100"
1138,"Matser, Kessels, Lezak, Troost, & Jordan, 2000",2000,Netherlands,64,"Dutch, 100"
273,"McAllister et al., 2005",2005,USA,66,"Caucasian, 100"
347,"McAllister et al., 2012",2012,USA,113,"Caucasian, 94.69"
513,"McCauley et al., 2008",2008,USA,139,"Hispanic, 39.57"
513,"McCauley et al., 2008",2008,USA,139,"African-American, 38.13"
513,"McCauley et al., 2008",2008,USA,139,"European American, 19.42"
513,"McCauley et al., 2008",2008,USA,139,"Other, 2.88"
401,"McCauley et al., 2014",2014,USA,178,"Non-Hispanic, 62.36"
401,"McCauley et al., 2014",2014,USA,178,"European American, 60.67"
401,"McCauley et al., 2014",2014,USA,178,"Hispanic, 37.64"
401,"McCauley et al., 2014",2014,USA,178,"African-American, 35.39"
401,"McCauley et al., 2014",2014,USA,178,"Biracial or multiracial, 2.81"
401,"McCauley et al., 2014",2014,USA,178,"Asian, 1.12"
252,"McDonald & Franzen, 1999",1999,USA,75,"White, 88"
252,"McDonald & Franzen, 1999",1999,USA,75,"Black, 12"
404,"McGlinchey, Fortier, Venne, Maksimovskiy, & Milberg, 2014",2014,USA,88,"White, 81.82"
404,"McGlinchey, Fortier, Venne, Maksimovskiy, & Milberg, 2014",2014,USA,88,"Hispanic or Latino, 10.23"
404,"McGlinchey, Fortier, Venne, Maksimovskiy, & Milberg, 2014",2014,USA,88,"Black or African American, 4.54"
404,"McGlinchey, Fortier, Venne, Maksimovskiy, & Milberg, 2014",2014,USA,88,"American Indian, 1.14"
404,"McGlinchey, Fortier, Venne, Maksimovskiy, & Milberg, 2014",2014,USA,88,"Asian, 1.14"
576,"Merritt & Arnett, 2014",2014,USA,757,"Caucasian, 73.18"
576,"Merritt & Arnett, 2014",2014,USA,757,"African-American, 20.48"
576,"Merritt & Arnett, 2014",2014,USA,757,"Other, 6.34"
451,"Meyer & Arnett, 2015b",2015,USA,462,"Caucasian, 71.43"
451,"Meyer & Arnett, 2015b",2015,USA,462,"African-American, 20.13"
451,"Meyer & Arnett, 2015b",2015,USA,462,"Biracial or multiracial, 3.25"
451,"Meyer & Arnett, 2015b",2015,USA,462,"Hispanic American, 1.73"
451,"Meyer & Arnett, 2015b",2015,USA,462,"Asian American, 1.51"
451,"Meyer & Arnett, 2015b",2015,USA,462,"Other, 1.08"
451,"Meyer & Arnett, 2015b",2015,USA,462,"Latin American, 0.43"
451,"Meyer & Arnett, 2015b",2015,USA,462,"Multiracial, 0.43"
268,"Meyers & Rohling, 2004",2004,USA,160,"Caucasian, 96.25"
268,"Meyers & Rohling, 2004",2004,USA,160,"Mixed racial background, 1.88"
268,"Meyers & Rohling, 2004",2004,USA,160,"Native American, 1.25"
268,"Meyers & Rohling, 2004",2004,USA,160,"Hispanic, 0.62"
410,"Nakayama, Covassin, Schatz, Nogle, & Kovan, 2014",2014,USA,85,"White, 75.29"
410,"Nakayama, Covassin, Schatz, Nogle, & Kovan, 2014",2014,USA,85,"Unreported, 11.77"
410,"Nakayama, Covassin, Schatz, Nogle, & Kovan, 2014",2014,USA,85,"African-American, 5.88"
410,"Nakayama, Covassin, Schatz, Nogle, & Kovan, 2014",2014,USA,85,"Hispanic or Latino, 3.53"
410,"Nakayama, Covassin, Schatz, Nogle, & Kovan, 2014",2014,USA,85,"Asian American, 2.35"
410,"Nakayama, Covassin, Schatz, Nogle, & Kovan, 2014",2014,USA,85,"Other, 2.35"
324,"Nelson et al., 2010",2010,USA,119,"Caucasian, 93.28"
350,"Nelson et al., 2012",2012,USA,104,"Caucasian, 97.11"
482,"Nelson et al., 2016",2016,USA,331,"White, 85.5"
482,"Nelson et al., 2016",2016,USA,331,"Black, 11.78"
482,"Nelson et al., 2016",2016,USA,331,"Other, 1.21"
482,"Nelson et al., 2016",2016,USA,331,"Asian, 0.91"
482,"Nelson et al., 2016",2016,USA,331,"Native Hawaiian or Pacific
Islander, 0.6"
1115,"Nelson et al., 2016",2016,USA,8056,"White, 73.5"
1115,"Nelson et al., 2016",2016,USA,8056,"African-American, 21.5"
609,"Nelson, Pfaller, Rein, & McCrea, 2015",2015,USA,2063,"White, 83.42"
609,"Nelson, Pfaller, Rein, & McCrea, 2015",2015,USA,2063,"Black, 12.12"
609,"Nelson, Pfaller, Rein, & McCrea, 2015",2015,USA,2063,"Unknown, 2.08"
609,"Nelson, Pfaller, Rein, & McCrea, 2015",2015,USA,2063,"Asian, 1.21"
609,"Nelson, Pfaller, Rein, & McCrea, 2015",2015,USA,2063,"Native Hawaiian or Pacific
Islander, 0.58"
375,"Newman, Reesman, Vaughan, & Gioia, 2013",2013,USA,184,"Caucasian, 22.28"
375,"Newman, Reesman, Vaughan, & Gioia, 2013",2013,USA,184,"African-American, 14.13"
375,"Newman, Reesman, Vaughan, & Gioia, 2013",2013,USA,184,"Mixed or multiple, 4.35"
375,"Newman, Reesman, Vaughan, & Gioia, 2013",2013,USA,184,"Asian or Pacific Islander, 0.54"
375,"Newman, Reesman, Vaughan, & Gioia, 2013",2013,USA,184,"Hispanic, 0.54"
325,"Ord, Boettcher, Greve, & Bianchini, 2010",2010,USA,84,"Caucasian, 71.43"
416,"Ott, Schatz, Solomon, & Ryan, 2014",2014,USA,23775,"Hispanic, 49.72"
456,"Panenka et al., 2015",2015,Canada,94,"Caucasian, 55.32"
456,"Panenka et al., 2015",2015,Canada,94,"Asian, East Indian, Other
Asian, 10.64"
315,"Paré, Rabin, Fogel, & Pépin, 2009",2009,Canada,116,"White, 100"
339,"Ponsford, Cameron, Fitzgerald, Grant, & Mikocka-Walus, 2011",2011,Australia,223,"Australia or New Zealand, 82.06"
339,"Ponsford, Cameron, Fitzgerald, Grant, & Mikocka-Walus, 2011",2011,Australia,223,"United Kingdom, 4.48"
339,"Ponsford, Cameron, Fitzgerald, Grant, & Mikocka-Walus, 2011",2011,Australia,223,"India, 3.14"
339,"Ponsford, Cameron, Fitzgerald, Grant, & Mikocka-Walus, 2011",2011,Australia,223,"Other European, 2.24"
339,"Ponsford, Cameron, Fitzgerald, Grant, & Mikocka-Walus, 2011",2011,Australia,223,"Brazil, 0.45"
339,"Ponsford, Cameron, Fitzgerald, Grant, & Mikocka-Walus, 2011",2011,Australia,223,"Egypt, 0.45"
339,"Ponsford, Cameron, Fitzgerald, Grant, & Mikocka-Walus, 2011",2011,Australia,223,"Indonesia, 0.45"
339,"Ponsford, Cameron, Fitzgerald, Grant, & Mikocka-Walus, 2011",2011,Australia,223,"Lebanon, 0.45"
339,"Ponsford, Cameron, Fitzgerald, Grant, & Mikocka-Walus, 2011",2011,Australia,223,"Singapore, 0.45"
339,"Ponsford, Cameron, Fitzgerald, Grant, & Mikocka-Walus, 2011",2011,Australia,223,"South African, 0.45"
422,"Proto et al., 2014",2014,USA,178,"White, 67.42"
422,"Proto et al., 2014",2014,USA,178,"Latino, 15.73"
422,"Proto et al., 2014",2014,USA,178,"Black, 12.92"
422,"Proto et al., 2014",2014,USA,178,"Asian, 2.81"
422,"Proto et al., 2014",2014,USA,178,"Other, 1.12"
423,"Provance et al., 2014",2014,USA,80,"White, 68.75"
423,"Provance et al., 2014",2014,USA,80,"Unknown, 18.75"
423,"Provance et al., 2014",2014,USA,80,"Black, 6.25"
423,"Provance et al., 2014",2014,USA,80,"Other, 5"
423,"Provance et al., 2014",2014,USA,80,"Asian, 1.25"
354,"Rabinowitz & Arnett, 2012",2012,USA,574,"Caucasian, 74.91"
354,"Rabinowitz & Arnett, 2012",2012,USA,574,"African-American, 17.94"
354,"Rabinowitz & Arnett, 2012",2012,USA,574,"Asian American, 1.04"
567,"Rabinowitz & Arnett, 2013",2013,USA,113,"Caucasian, 80.53"
567,"Rabinowitz & Arnett, 2013",2013,USA,113,"African-American, 15.93"
461,"Rabinowitz et al., 2015",2015,USA,170,"Black, 36.47"
462,"Rabinowitz, Merritt, & Arnett, 2015",2015,USA,655,"Caucasian, 73.44"
261,"Ravdin, Barr, Jordan, Lathan, & Relkin, 2003",2003,USA,18,"White, 44.44"
261,"Ravdin, Barr, Jordan, Lathan, & Relkin, 2003",2003,USA,18,"Hispanic, 38.89"
261,"Ravdin, Barr, Jordan, Lathan, & Relkin, 2003",2003,USA,18,"Black, 16.67"
1124,"Register-Mihalik, De Maio, Tibbo-Valeriote, & Wooten, 2015",2015,USA,245,"White, 71.02"
381,"Resch, Driscoll, et al., 2013",2013,Multiple countries,91,"Irish, 50.55"
381,"Resch, Driscoll, et al., 2013",2013,Multiple countries,91,"US or Canada, 49.45"
382,"Rieger et al., 2013",2013,USA,69,"Caucasian, 76.81"
382,"Rieger et al., 2013",2013,USA,69,"African-American, 11.59"
382,"Rieger et al., 2013",2013,USA,69,"Native American, 4.35"
382,"Rieger et al., 2013",2013,USA,69,"Asian American, 2.9"
382,"Rieger et al., 2013",2013,USA,69,"Multi-ethnic, 2.9"
382,"Rieger et al., 2013",2013,USA,69,"Latin American, 1.45"
293,"Ruocco & Swirsky-Sacchetti, 2007",2007,USA,161,"Caucasian, 86.96"
293,"Ruocco & Swirsky-Sacchetti, 2007",2007,USA,161,"African-American, 9.32"
293,"Ruocco & Swirsky-Sacchetti, 2007",2007,USA,161,"Hispanic, 1.86"
293,"Ruocco & Swirsky-Sacchetti, 2007",2007,USA,161,"Other, 1.24"
293,"Ruocco & Swirsky-Sacchetti, 2007",2007,USA,161,"Native American, 0.62"
561,"Schatz & Maerlender, 2013",2013,USA,21917,"United States, 100"
562,"Schatz & Sandel, 2013",2013,USA,236,"United States, 100"
358,"Schnabel & Kydd, 2012",2012,New Zealand,240,"Caucasian, 73.33"
358,"Schnabel & Kydd, 2012",2012,New Zealand,240,"Maori, 15"
358,"Schnabel & Kydd, 2012",2012,New Zealand,240,"Asian, 6.25"
358,"Schnabel & Kydd, 2012",2012,New Zealand,240,"Other, 5.42"
1009,"Schroeder, Ruff, & Jäncke, 2015",2015,USA,91,"Caucasian, 79.12"
1009,"Schroeder, Ruff, & Jäncke, 2015",2015,USA,91,"Asian American, 7.69"
1009,"Schroeder, Ruff, & Jäncke, 2015",2015,USA,91,"African-American, 5.5"
1009,"Schroeder, Ruff, & Jäncke, 2015",2015,USA,91,"Latino, 5.5"
1009,"Schroeder, Ruff, & Jäncke, 2015",2015,USA,91,"Biracial, 2.2"
385,"Shandera-Ochsner et al., 2013",2013,USA,81,"Caucasian, 85.19"
385,"Shandera-Ochsner et al., 2013",2013,USA,81,"African-American, 12.35"
385,"Shandera-Ochsner et al., 2013",2013,USA,81,"Hispanic, 2.47"
1148,"Shuttleworth-Edwards, Radloff, Whitefield-Alexander, Smith, & Horsman, 2014",2014,South Africa,251,"South African, 100"
304,"Shuttleworth-Edwards, Smith, & Radloff, 2008",2008,South Africa,45,"Caucasian, 91.11"
304,"Shuttleworth-Edwards, Smith, & Radloff, 2008",2008,South Africa,45,"Zimbabwean, 8.89"
319,"Shuttleworth-Edwards, Whitefield-Alexander, Radloff, Taylor, & Lovell, 2009",2009,Multiple countries,11257,"White, 100"
319,"Shuttleworth-Edwards, Whitefield-Alexander, Radloff, Taylor, & Lovell, 2009",2009,Multiple countries,11257,"United States, 85.64"
319,"Shuttleworth-Edwards, Whitefield-Alexander, Radloff, Taylor, & Lovell, 2009",2009,Multiple countries,11257,"South African, 14.36"
428,"Silverberg, Luoto, Öhman, & Iverson, 2014",2014,Finland,59,"Caucasian, 100"
386,"Siman et al., 2013",2013,USA,38,"Non-Black, 60.53"
387,"Soble, Spanierman, & Smith, 2013",2013,USA,125,"White, 91.2"
387,"Soble, Spanierman, & Smith, 2013",2013,USA,125,"African-American, 4"
387,"Soble, Spanierman, & Smith, 2013",2013,USA,125,"Hispanic or Latino, 4"
387,"Soble, Spanierman, & Smith, 2013",2013,USA,125,"Other, 0.8"
534,"Sponheim et al., 2011",2011,USA,17,"Caucasian, 100"
1127,"Stamm et al., 2015",2015,USA,42,"African-American, 42.86"
469,"Strain et al., 2015",2015,USA,55,"White, 78.18"
469,"Strain et al., 2015",2015,USA,55,"African-American, 20"
469,"Strain et al., 2015",2015,USA,55,"Asian, 1.82"
321,"Straume-Næsheim et al., 2009",2009,Norway,455,"Norweigan or Scandinavian, 69.67"
504,"Straume-Næsheim, Andersen, & Bahr, 2005",2005,Norway,232,"Norway, 83.19"
504,"Straume-Næsheim, Andersen, & Bahr, 2005",2005,Norway,232,"Other European, 9.05"
504,"Straume-Næsheim, Andersen, & Bahr, 2005",2005,Norway,232,"Scandinavian, 8.19"
434,"Suchy, Euler, & Eastvold, 2014",2014,USA,38,"Non-Caucasian, 18.42"
1230,"Tay, Ang, Lau, Meyyappan, & Collinson, 2010",2010,Singapore,76,"Chinese, 78.95"
1230,"Tay, Ang, Lau, Meyyappan, & Collinson, 2010",2010,Singapore,76,"Indian, 13.16"
1230,"Tay, Ang, Lau, Meyyappan, & Collinson, 2010",2010,Singapore,76,"Malay, 5.26"
1230,"Tay, Ang, Lau, Meyyappan, & Collinson, 2010",2010,Singapore,76,"Other, 2.63"
330,"Taylor et al., 2010",2010,USA,285,"White, 68.77"
484,"Teel, Gay, Johnson, & Slobounov, 2016",2016,USA,152,"White, 66.45"
484,"Teel, Gay, Johnson, & Slobounov, 2016",2016,USA,152,"African-American, 28.29"
360,"Terry et al., 2012",2012,USA,40,"White (non-Latino), 87.5"
360,"Terry et al., 2012",2012,USA,40,"African-American, 5"
360,"Terry et al., 2012",2012,USA,40,"White Latino, 5"
360,"Terry et al., 2012",2012,USA,40,"Asian American, 2.5"
391,"Thaler et al., 2013",2013,USA,78,"Caucasian, 65.39"
391,"Thaler et al., 2013",2013,USA,78,"Hispanic, 15.38"
391,"Thaler et al., 2013",2013,USA,78,"African-American, 11.54"
391,"Thaler et al., 2013",2013,USA,78,"Other, 7.69"
564,"Theadom et al., 2013",2013,New Zealand,60,"New Zealand European, 76.67"
564,"Theadom et al., 2013",2013,New Zealand,60,"Maori, 23.33"
945,"Theadom et al., 2016",2016,New Zealand,341,"White, 66.28"
945,"Theadom et al., 2016",2016,New Zealand,341,"Maori, 28.15"
945,"Theadom et al., 2016",2016,New Zealand,341,"Asian, 2.64"
945,"Theadom et al., 2016",2016,New Zealand,341,"Pacific, 2.64"
945,"Theadom et al., 2016",2016,New Zealand,341,"Other, 0.29"
603,"Theadom, Cropley, et al., 2015",2015,New Zealand,346,"New Zealand European, 63.3"
603,"Theadom, Cropley, et al., 2015",2015,New Zealand,346,"Maori, 33.24"
603,"Theadom, Cropley, et al., 2015",2015,New Zealand,346,"Other, 3.47"
597,"Theadom, Parmar, et al., 2015",2015,New Zealand,142,"New Zealand European, 78.17"
394,"Trontel, Hall, Ashendorf, & O’Connor, 2013",2013,USA,49,"Caucasian, 91.84"
394,"Trontel, Hall, Ashendorf, & O’Connor, 2013",2013,USA,49,"African-American, 4.08"
394,"Trontel, Hall, Ashendorf, & O’Connor, 2013",2013,USA,49,"American Indian, 4.08"
440,"Tsushima & Siu, 2014",2014,USA,247,"Mixed racial background, 43.32"
440,"Tsushima & Siu, 2014",2014,USA,247,"Native Hawaiian or Pacific
Islander, 34.01"
440,"Tsushima & Siu, 2014",2014,USA,247,"Asian, 11.74"
440,"Tsushima & Siu, 2014",2014,USA,247,"Caucasian, 4.86"
440,"Tsushima & Siu, 2014",2014,USA,247,"Unreported, 3.64"
440,"Tsushima & Siu, 2014",2014,USA,247,"Hispanic, 2.02"
440,"Tsushima & Siu, 2014",2014,USA,247,"African-American, 1.22"
440,"Tsushima & Siu, 2014",2014,USA,247,"Native American or Alaskan
Native, 0.4"
395,"Tsushima, Shirakawa, & Geling, 2013",2013,USA,51,"Mixed ethnicities, 43.14"
395,"Tsushima, Shirakawa, & Geling, 2013",2013,USA,51,"Asian, 31.37"
395,"Tsushima, Shirakawa, & Geling, 2013",2013,USA,51,"Caucasian, 15.69"
395,"Tsushima, Shirakawa, & Geling, 2013",2013,USA,51,"Pacific Islander, 9.8"
486,"Van Patten, Keith, Bertolin, & Wright, 2016",2016,USA,100,"Caucasian, 96"
1233,"Vanderploeg, Belanger, & Curtiss, 2009",2009,USA,826,"Minority, 19.25"
1234,"Vanderploeg, Curtiss, & Belanger, 2005",2005,USA,3832,"White, 81.31"
1234,"Vanderploeg, Curtiss, & Belanger, 2005",2005,USA,3832,"Black, 12.11"
1234,"Vanderploeg, Curtiss, & Belanger, 2005",2005,USA,3832,"Hispanic, 4.67"
1234,"Vanderploeg, Curtiss, & Belanger, 2005",2005,USA,3832,"Other, 1.85"
543,"Vasterling et al., 2012",2012,USA,760,"Ethnic Minority, 42.9"
915,"Veeramuthu et al., 2014",2014,Malaysia,21,"Malay, 57.14"
915,"Veeramuthu et al., 2014",2014,Malaysia,21,"Indian, 28.57"
915,"Veeramuthu et al., 2014",2014,Malaysia,21,"Chinese, 14.29"
946,"Veeramuthu et al., 2016",2016,Malaysia,41,"Polynesian Malay, 75.61"
299,"Vilar-López et al., 2007",2007,Spain,61,"Spain, 100"
1238,"Wäljas et al., 2015",2015,Finland,186,"Caucasian, 100"
584,"Waid-Ebbs et al., 2014",2014,USA,6,"White, 83.33"
584,"Waid-Ebbs et al., 2014",2014,USA,6,"African-American, 16.67"
443,"Walker, Franke, Cifu, & Hart, 2014",2014,USA,60,"Caucasian, 78.33"
443,"Walker, Franke, Cifu, & Hart, 2014",2014,USA,60,"Hispanic, 16.67"
443,"Walker, Franke, Cifu, & Hart, 2014",2014,USA,60,"African-American, 3.33"
443,"Walker, Franke, Cifu, & Hart, 2014",2014,USA,60,"Native American, 1.67"
960,"Wang et al., 2016",2016,USA,37,"White, 72.97"
960,"Wang et al., 2016",2016,USA,37,"Black, 24.32"
960,"Wang et al., 2016",2016,USA,37,"Other, 2.7"
476,"Whiteside et al., 2015",2015,USA,224,"Caucasian, 95.98"
548,"Willeumier, Taylor, & Amen, 2012",2012,USA,100,"Caucasian, 60"
548,"Willeumier, Taylor, & Amen, 2012",2012,USA,100,"African-American, 33"
548,"Willeumier, Taylor, & Amen, 2012",2012,USA,100,"Mixed or multiple, 6"
548,"Willeumier, Taylor, & Amen, 2012",2012,USA,100,"Hispanic, 1"
488,"Winkler et al., 2016",2016,USA,100,"Caucasian, 70"
488,"Winkler et al., 2016",2016,USA,100,"African-American, 14"
488,"Winkler et al., 2016",2016,USA,100,"Multiracial, 9"
488,"Winkler et al., 2016",2016,USA,100,"Asian, 5"
488,"Winkler et al., 2016",2016,USA,100,"American Indian or Alaskan
Native, 1"
488,"Winkler et al., 2016",2016,USA,100,"Native Hawaiian or Pacific
Islander, 1"
444,"Wisdom et al., 2014",2014,USA,134,"Caucasian, 60.45"
444,"Wisdom et al., 2014",2014,USA,134,"Hispanic, 20.15"
444,"Wisdom et al., 2014",2014,USA,134,"African-American, 14.18"
444,"Wisdom et al., 2014",2014,USA,134,"Other, 5.22"
612,"Wright et al., 2016",2016,USA,40,"Caucasian, 57.5"
612,"Wright et al., 2016",2016,USA,40,"African-American, 32.5"
612,"Wright et al., 2016",2016,USA,40,"Other, 10"
578,"Zollman, Starr, Kondiles, Cyborski, & Larson, 2014",2014,USA,300,"Black or African American, 66.33"
578,"Zollman, Starr, Kondiles, Cyborski, & Larson, 2014",2014,USA,300,"White or European American, 30"
